phrase,prompt
I need to water my plants regularly.,out of context
I enjoy running in the park every,out of context
nearby bakery the best The sells,out of context
The traffic was really bad this morning.,out of context
The cake we made turned out delicious.,out of context
the last I weekend. beach went to,out of context
The train was delayed by an hour.,out of context
made The we delicious. out cake turned,out of context
hour. an delayed by The was train,out of context
The store had a big sale on,out of context
went the last beach I to weekend.,out of context
went beach to last I weekend.,out of context
I recently started learning how to paint.,out of context
The sky is blue and clear,out of context
library a place to is quiet study.,out of context
library The is place study. a to quiet,out of context
made out turned The we cake,out of context
blue. color My favorite is,out of context
traffic The bad this was really,out of context
out turned made delicious. we cake,out of context
watched The was amazing. movie I,out of context
I enjoy reading books in my free,out of context
games weekends. I video to like play on,out of context
tomorrow. weather forecast predicts rain,out of context
predicts rain weather forecast The,out of context
independent animals. loving but are Cats,out of context
The weather forecast predicts rain,out of context
The library is a quiet place to,out of context
evening. last was beautiful sunset The,out of context
I need to buy a new laptop soon.,out of context
The bakery nearby sells the best,out of context
The was really bad this morning. traffic,out of context
but loving are independent animals. Cats,out of context
water to regularly. I my plants,out of context
I need to buy a new laptop,out of context
weather forecast The predicts tomorrow.,out of context
The train was delayed by an,out of context
The sky is blue and clear,out of context
yesterday. keys lost my I,out of context
store on had big a sale clothes. The,out of context
blue. is My color favorite,out of context
need to soon. I new buy laptop,out of context
croissants. the The best nearby sells bakery,out of context
My favorite color is,out of context
I like to play video games on,out of context
to paint. how started I recently,out of context
color favorite My blue. is,out of context
to games video play like on weekends.,out of context
I enjoy running in the park every morning.,out of context
My friend just bought a new,out of context
I lost my keys,out of context
clear is blue and sky today. The,out of context
I lost my keys yesterday.,out of context
hiking I love going in mountains.,out of context
games on weekends. like play video to I,out of context
I enjoy reading books in my free,out of context
favorite blue. color is,out of context
quiet a to The is library place study.,out of context
lost my keys I yesterday.,out of context
to The quiet is place study. library,out of context
I need to water my plants,out of context
clothes. The sale had store on a,out of context
sells the bakery croissants. nearby The best,out of context
I like on to play games video weekends.,out of context
running enjoy morning. the every I in park,out of context
The train was delayed by an hour.,out of context
I love going hiking in the,out of context
play I weekends. like games to on video,out of context
rain forecast The tomorrow. predicts weather,out of context
mountains. love the in going I hiking,out of context
I enjoy reading books in my free,out of context
to beach the last I went weekend.,out of context
I need to water my plants,out of context
tried you restaurant the downtown? Have,out of context
I enjoy reading books in my free,out of context
I coffee. over prefer tea,out of context
I lost my keys yesterday.,out of context
color blue. is My favorite,out of context
My favorite color is blue.,out of context
It's important to recycle to protect the environment.,out of context
Cats are independent but loving animals.,out of context
The sky is blue and clear,out of context
I prefer tea over coffee.,out of context
I need to water my plants,out of context
in enjoy I park the morning. running every,out of context
The sky is blue and clear,out of context
recently started paint. how learning I to,out of context
I lost my keys,out of context
The sky is blue and clear,out of context
water I my need plants regularly.,out of context
the morning. enjoy every running I park,out of context
I went to the beach last weekend.,out of context
you Have downtown? new restaurant the,out of context
The sunset was beautiful last,out of context
The sky is blue and clear today.,out of context
My friend just bought a new guitar.,out of context
friend guitar. a new just My,out of context
I enjoy reading books in my free,out of context
The library is a quiet place to study.,out of context
I love going hiking in the,out of context
Cats but are loving independent,out of context
I lost my keys,out of context
Have you tried the new restaurant downtown?,out of context
I enjoy reading books in my free,out of context
I need to buy a new laptop,out of context
was evening. sunset beautiful The last,out of context
The weather forecast rain predicts tomorrow.,out of context
rain The weather predicts tomorrow.,out of context
My friend just bought a new,out of context
The bakery nearby sells the best croissants.,out of context
I went to the beach last,out of context
you the downtown? restaurant new Have,out of context
The was an by train hour.,out of context
laptop a I need new to soon.,out of context
I prefer tea over,out of context
Have you tried the new restaurant,out of context
I like to play video games on weekends.,out of context
The traffic was really bad this,out of context
The rain predicts forecast tomorrow. weather,out of context
favorite My is color,out of context
I recently started learning how to,out of context
The cake we made turned out,out of context
Have you tried the new restaurant,out of context
bad morning. really was traffic this,out of context
The evening. was sunset beautiful,out of context
The library is a quiet place to study.,out of context
The train was delayed by an,out of context
The train was delayed by an,out of context
The bakery nearby sells the best,out of context
I love going hiking in the,out of context
my I to plants regularly. need water,out of context
sky is clear The today. and blue,out of context
Cats are independent but loving,out of context
Cats are animals. loving independent,out of context
cake The made delicious. out we,out of context
guitar. My bought a new just friend,out of context
going in hiking mountains. the love,out of context
The was delayed train by hour.,out of context
The traffic was really bad this,out of context
The library is a quiet place to study.,out of context
I prefer tea over coffee.,out of context
I need to buy a new laptop soon.,out of context
Cats are independent but loving,out of context
I yesterday. lost my keys,out of context
hiking in mountains. I love the,out of context
The sky is blue and clear,out of context
my I yesterday. lost,out of context
I water need to my plants regularly.,out of context
I enjoy running in the park every morning.,out of context
enjoy park running morning. every I the in,out of context
I recently started learning how to paint.,out of context
My favorite color is,out of context
I need to buy a new laptop soon.,out of context
The sunset was beautiful last evening.,out of context
beach I last went to weekend. the,out of context
I love going hiking in the,out of context
to paint. recently I started learning how,out of context
My friend just bought a new,out of context
today. is blue clear sky and The,out of context
guitar. a bought My just new,out of context
my I reading books in free time.,out of context
Cats are independent but loving animals.,out of context
I prefer tea over,out of context
today. is and blue clear sky The,out of context
is study. library place a to quiet,out of context
The train was delayed by an,out of context
out The made cake we delicious. turned,out of context
friend guitar. My just a new,out of context
went I the last beach to,out of context
to last weekend. the beach I went,out of context
I like play on video games to,out of context
last weekend. to beach I the went,out of context
I love going hiking in the mountains.,out of context
I coffee. over prefer tea,out of context
Have you tried the new restaurant,out of context
My friend just bought a new,out of context
cake The we made delicious. turned,out of context
was by train an delayed hour. The,out of context
out cake delicious. turned made The we,out of context
sky today. is clear and The,out of context
I love going hiking in the,out of context
I enjoy running in the park every morning.,out of context
The weather forecast predicts rain tomorrow.,out of context
tea I coffee. prefer,out of context
morning. really The was traffic bad this,out of context
I enjoy running in the park every morning.,out of context
I enjoy running in the park every,out of context
just friend a My new bought guitar.,out of context
The traffic was really bad this,out of context
The store had a big sale on clothes.,out of context
I enjoy running in the park every,out of context
I prefer tea over,out of context
The traffic was really bad this,out of context
beach the to weekend. went I last,out of context
I love going hiking in the,out of context
I went to the beach last weekend.,out of context
I enjoy running in the park every,out of context
I lost my keys yesterday.,out of context
I last the to went weekend.,out of context
I recently started learning how to,out of context
in the love hiking going I,out of context
My favorite color is,out of context
love mountains. hiking going I the in,out of context
nearby the sells The bakery croissants.,out of context
delicious. The cake turned we out made,out of context
My favorite color is,out of context
The sky is blue and clear,out of context
The library is a quiet place to,out of context
really The bad morning. was this traffic,out of context
loving animals. independent Cats are,out of context
It's important to recycle to protect the,out of context
to last I beach went weekend. the,out of context
I recently learning how to paint. started,out of context
place study. The quiet a to is,out of context
The sunset was beautiful last,out of context
The store had a big sale on clothes.,out of context
I need to water my plants regularly.,out of context
The library is a quiet place to study.,out of context
in park enjoy morning. I running every the,out of context
The traffic was really bad this morning.,out of context
The weather forecast predicts rain,out of context
play I like weekends. on to video games,out of context
The library is a quiet place to,out of context
the to beach went last weekend. I,out of context
The store had a big sale on,out of context
play to weekends. I games video on,out of context
the mountains. going love hiking I,out of context
The cake we made turned out delicious.,out of context
I love mountains. hiking the going in,out of context
It's important to recycle to protect the,out of context
The sunset was beautiful last,out of context
morning. really was this bad traffic The,out of context
The sunset was beautiful last,out of context
weekends. I play video like games to on,out of context
loving animals. are but independent Cats,out of context
My blue. color favorite,out of context
I games play on like weekends. to video,out of context
I like to play video games on,out of context
I like to play video games on,out of context
I prefer tea over,out of context
I need to water my plants regularly.,out of context
morning. park in running I enjoy the,out of context
The library is a quiet place to study.,out of context
The train was delayed by an,out of context
play on weekends. I to like games,out of context
keys yesterday. lost my I,out of context
best sells the bakery nearby The,out of context
sells nearby the bakery best croissants.,out of context
The library is a quiet place to,out of context
weather The forecast tomorrow. predicts,out of context
I lost my keys yesterday.,out of context
really traffic The morning. bad was,out of context
new a just bought My guitar. friend,out of context
The train was delayed by an,out of context
my need to plants water I regularly.,out of context
is color favorite My blue.,out of context
The traffic was really bad this morning.,out of context
the hiking I love in mountains. going,out of context
enjoy every park in morning. I the running,out of context
was this traffic really The morning. bad,out of context
I prefer tea over coffee.,out of context
The bakery nearby sells the best,out of context
the environment. recycle to protect important to It's,out of context
loving animals. independent Cats but are,out of context
I lost my keys yesterday.,out of context
My favorite is color,out of context
I enjoy running in the park every morning.,out of context
I enjoy reading books in my free time.,out of context
The store had a big sale on clothes.,out of context
I went to the beach last weekend.,out of context
The sunset was beautiful last,out of context
prefer I coffee. tea over,out of context
The library is a quiet place to study.,out of context
I need to buy a new laptop soon.,out of context
important environment. to the It's recycle protect,out of context
The traffic was really bad this morning.,out of context
The traffic was really bad this,out of context
just guitar. bought My friend a,out of context
I went to the beach last,out of context
big sale store had The a on clothes.,out of context
The train was delayed by an hour.,out of context
loving animals. but are independent,out of context
I coffee. prefer over,out of context
running enjoy I every the morning. in,out of context
need I laptop buy new soon. to a,out of context
The cake we made turned out delicious.,out of context
The sunset was beautiful last evening.,out of context
The library is a quiet place to,out of context
rain The predicts forecast weather tomorrow.,out of context
The store had a big sale on,out of context
clothes. on a big store had sale The,out of context
forecast The tomorrow. predicts weather rain,out of context
The movie I watched yesterday was amazing.,out of context
last The beautiful was evening. sunset,out of context
I need to buy a new laptop,out of context
to I my plants need regularly. water,out of context
tried you the downtown? Have restaurant,out of context
to I weekend. went the last beach,out of context
My friend just bought a new guitar.,out of context
The sunset was beautiful last evening.,out of context
play video to games I like weekends. on,out of context
It's important to recycle to protect the,out of context
a guitar. just new friend bought My,out of context
bakery croissants. sells The the nearby,out of context
I was watched The yesterday movie,out of context
today. is sky clear The and blue,out of context
I went to the beach last weekend.,out of context
I need to water my plants regularly.,out of context
The weather forecast predicts rain tomorrow.,out of context
My favorite color is,out of context
important protect recycle to to environment. It's the,out of context
a guitar. My just bought friend new,out of context
My favorite color is blue.,out of context
The sky is blue and clear today.,out of context
I lost my keys yesterday.,out of context
animals. independent are but loving,out of context
my yesterday. lost I keys,out of context
lost I my yesterday.,out of context
I recently started learning how to paint.,out of context
bad was really this morning. The traffic,out of context
recently started how paint. to learning,out of context
I enjoy reading books in my free,out of context
mountains. hiking in I the love,out of context
I weekend. the went last to,out of context
Cats independent but animals. loving are,out of context
blue today. and The clear sky is,out of context
I went to the beach last,out of context
The sunset was beautiful last,out of context
I went to the beach last,out of context
It's important to recycle to protect the environment.,out of context
The by delayed an was hour. train,out of context
buy laptop soon. to need new I,out of context
friend My just new a bought,out of context
important to the to environment. It's recycle protect,out of context
I recently started learning how to paint.,out of context
The weather forecast predicts rain tomorrow.,out of context
movie The yesterday was watched I,out of context
My friend just bought a new,out of context
favorite My is blue.,out of context
tea I over coffee. prefer,out of context
color favorite blue. is My,out of context
yesterday. my keys lost I,out of context
The library is a quiet place to study.,out of context
The traffic was really bad this morning.,out of context
My favorite color is,out of context
weekends. video on games to I like,out of context
The train an by hour. was delayed,out of context
I enjoy running in every morning. park the,out of context
to on like play games I weekends.,out of context
The cake we made turned out delicious.,out of context
I prefer coffee. tea,out of context
keys I my yesterday.,out of context
I love going hiking in the mountains.,out of context
The traffic was really bad this,out of context
The sky is blue and clear today.,out of context
tried restaurant you new Have the,out of context
I enjoy running in the park every,out of context
The train an was hour. delayed,out of context
The bakery nearby sells the best croissants.,out of context
I went to the beach last weekend.,out of context
I went to the beach last weekend.,out of context
the park morning. I in running every,out of context
evening. sunset was last The,out of context
like to games weekends. video I play,out of context
I recently started learning how to,out of context
The was yesterday I movie watched,out of context
like play games to weekends. on I,out of context
I enjoy running in the park every,out of context
I love going hiking in the mountains.,out of context
My just new guitar. a bought,out of context
The traffic was really bad this morning.,out of context
the every I enjoy running in morning. park,out of context
important to to environment. It's recycle the protect,out of context
I watched The yesterday was amazing.,out of context
I enjoy running in the park every,out of context
The traffic was really bad this,out of context
The store had a big sale on,out of context
The movie yesterday I was watched amazing.,out of context
Have you tried the new restaurant downtown?,out of context
The traffic was really bad this morning.,out of context
The movie I watched was amazing.,out of context
Cats loving but animals. are independent,out of context
the last to beach I went,out of context
mountains. in the going hiking I,out of context
sky and today. is The clear blue,out of context
I enjoy running in the park every,out of context
just new friend a My bought guitar.,out of context
I love going hiking in the mountains.,out of context
My friend just bought a new,out of context
The sky is blue and clear,out of context
I need to buy a new laptop soon.,out of context
downtown? new the Have restaurant tried you,out of context
this was morning. traffic bad The really,out of context
My favorite color is,out of context
Have you tried the new restaurant,out of context
delicious. made turned we out cake The,out of context
Cats are independent but loving,out of context
I lost my keys,out of context
The cake we made turned out delicious.,out of context
Cats are independent but loving animals.,out of context
weekends. like I to games on video,out of context
to place is study. The library quiet,out of context
The movie I watched yesterday was,out of context
I need to water my plants regularly.,out of context
need buy to soon. laptop new a I,out of context
prefer I coffee. over tea,out of context
I enjoy running in the park every,out of context
predicts The rain forecast weather,out of context
I recently started learning how to,out of context
tomorrow. predicts rain weather The forecast,out of context
protect environment. to It's recycle to important,out of context
place quiet study. The library a to is,out of context
My friend just bought a new,out of context
beautiful The evening. was sunset last,out of context
learning how started paint. recently to,out of context
I went to the beach last,out of context
mountains. going in love I the,out of context
I lost my keys yesterday.,out of context
tomorrow. predicts weather rain forecast,out of context
need new to laptop a I soon.,out of context
just new a bought guitar. friend,out of context
I went to the beach last weekend.,out of context
place study. The library to is quiet a,out of context
My friend just bought a new,out of context
The cake we made turned out delicious.,out of context
The sky is blue and clear today.,out of context
I love going hiking in the mountains.,out of context
I enjoy reading books in my free,out of context
Cats are independent but loving,out of context
The croissants. sells best bakery the,out of context
favorite blue. is color My,out of context
I went to the beach last,out of context
The store had a big sale on,out of context
The weather forecast predicts rain,out of context
learning started paint. I recently to how,out of context
I like to play video games on weekends.,out of context
best sells nearby croissants. The the bakery,out of context
The weather forecast predicts rain,out of context
reading in my books I free enjoy time.,out of context
I my yesterday. keys lost,out of context
weekend. went to beach the last I,out of context
to my plants water regularly. I,out of context
The sunset was beautiful last evening.,out of context
The sky is blue and clear today.,out of context
My friend just bought a new,out of context
study. library quiet to place The a is,out of context
books free I reading in enjoy my time.,out of context
yesterday. I my lost,out of context
The rain tomorrow. forecast predicts weather,out of context
The weather forecast predicts rain,out of context
The traffic was really bad this,out of context
you restaurant the new tried downtown? Have,out of context
amazing. I was watched yesterday movie The,out of context
lost my yesterday. keys I,out of context
by hour. an delayed train The was,out of context
today. clear blue and is sky The,out of context
is The quiet to library place a study.,out of context
last beautiful sunset The evening.,out of context
recently how paint. learning to started I,out of context
Cats are independent but loving,out of context
out delicious. The made cake turned,out of context
regularly. water plants my to need,out of context
I prefer tea over,out of context
I enjoy running in the park every morning.,out of context
amazing. The yesterday I was watched,out of context
store The a big on had clothes.,out of context
my yesterday. keys I,out of context
I went to the beach last weekend.,out of context
The sunset was beautiful last evening.,out of context
My friend just bought a new,out of context
My friend just bought a new guitar.,out of context
I lost my keys,out of context
Have you tried the new restaurant,out of context
water my need plants I regularly. to,out of context
I went to the beach last,out of context
The train was delayed by an,out of context
I prefer tea over,out of context
I morning. every park in enjoy the,out of context
Have you tried the new restaurant,out of context
how started to learning I recently paint.,out of context
I need to buy a new laptop,out of context
time. reading books my in I enjoy free,out of context
I like to play video games on,out of context
The sunset was beautiful last,out of context
quiet to The study. is place library,out of context
My favorite color is blue.,out of context
I enjoy running in the park every morning.,out of context
The sunset was beautiful last evening.,out of context
I need to buy a new laptop soon.,out of context
bad this The was morning. really traffic,out of context
The cake we made turned out delicious.,out of context
Cats are independent but loving animals.,out of context
I enjoy reading books in my free,out of context
I prefer tea over,out of context
I need to buy a new laptop,out of context
traffic morning. bad The was this really,out of context
I went to the beach last weekend.,out of context
out The turned we made delicious.,out of context
I like to play video games on weekends.,out of context
The train was delayed by an,out of context
